wmi,manufacturer,country
JT,Toyota,Japan
JTD,Toyota,Japan
JTE,Toyota,Japan
JTH,Lexus,Japan
JTJ,Lexus,Japan
JTK,Toyota,Japan
JTM,Toyota,Japan
JTN,Toyota,Japan
4T1,Toyota,United States
4T3,Toyota,United States
5TD,Toyota,United States
5TF,Toyota,United States
2T1,Toyota,Canada
JHM,Honda,Japan
JH4,Acura,Japan
1HG,Honda,United States
2HG,Honda,Canada
JN1,Nissan,Japan
JN8,Nissan,Japan
1N4,Nissan,United States
JM1,Mazda,Japan
JMZ,Mazda,Japan
JF1,Subaru,Japan
JF2,Subaru,Japan
JS1,Suzuki,Japan
JMB,Mitsubishi,Japan
JA3,Mitsubishi,Japan
WBA,BMW,Germany
WBS,BMW M,Germany
WMW,MINI,Germany
WDB,Mercedes-Benz,Germany
WDD,Mercedes-Benz,Germany
WDC,Mercedes-Benz,Germany
WAU,Audi,Germany
WVW,Volkswagen,Germany
WVG,Volkswagen,Germany
WP0,Porsche,Germany
W0L,Opel,Germany
VF1,Renault,France
VF3,Peugeot,France
VF7,Citroën,France
ZFA,Fiat,Italy
ZFF,Ferrari,Italy
ZAR,Alfa Romeo,Italy
YV1,Volvo,Sweden
YS3,Saab,Sweden
SAL,Land Rover,United Kingdom
SAJ,Jaguar,United Kingdom
SCC,Lotus,United Kingdom
TMB,Škoda,Czech Republic
VSS,SEAT,Spain
KMH,Hyundai,South Korea
KNA,Kia,South Korea
KNM,Renault Samsung,South Korea
1FA,Ford,United States
1FT,Ford,United States
1FM,Ford,United States
1G1,Chevrolet,United States
1GC,Chevrolet,United States
1GM,Pontiac,United States
1G6,Cadillac,United States
1GT,GMC,United States
1C3,Chrysler,United States
1C4,Chrysler,United States
1C6,Ram,United States
2C3,Chrysler,Canada
3FA,Ford,Mexico
1J4,Jeep,United States
5YJ,Tesla,United States
7SA,Tesla,United States
LFV,FAW-Volkswagen,China
LSV,SAIC Volkswagen,China
LVS,Changan Ford,China
LGB,Dongfeng Nissan,China
LGX,BYD,China
LJ1,JAC,China
LZW,SAIC-GM-Wuling,China
L6T,Geely,China
LB3,Geely,China
LRW,Tesla,China
MA3,Suzuki,India
MAL,Hyundai,India
